,Phe,Leu,Ile,Met,Val,Ser,Pro,Thr,Ala,Tyr,His,Gln,Asn,Lys,Asp,Glu,Cys,Trp,Arg,Gly
Phe,0,0.430279613,0.419496604,0.562454084,0.984520373,3.051498441,2.242171766,2.027703092,2.219655281,0.425959181,1.971333198,2.278555132,3.116751444,2.01377643,3.479826819,2.764112479,4.02774693,0.781814737,1.91287634,3.018830425
Leu,0.430279613,0,0.095724314,0.282002906,0.626669077,2.839922278,1.927673407,1.820570209,1.896425384,0.703355107,1.945661765,2.216531096,3.002748699,2.096471752,3.385787655,2.727261013,3.89046414,1.202274073,2.008462807,2.714517011
Ile,0.419496604,0.095724314,0,0.199546187,0.583771914,2.794932001,1.880350036,1.760004206,1.846648848,0.651504132,1.859779796,2.140112736,2.935366379,2.003346233,3.313293135,2.644818959,3.88692961,1.193349185,1.923797098,2.669701569
Met,0.562454084,0.282002906,0.199546187,0,0.424322883,2.658180046,1.707208843,1.597449599,1.664810416,0.694389025,1.702159201,1.988917495,2.782305797,1.862918478,3.154464514,2.485545758,3.853484218,1.31379601,1.806504104,2.502614385
Val,0.984520373,0.626669077,0.583771914,0.424322883,0,2.42486522,1.33636155,1.3698041,1.270307736,1.077690035,1.653828945,1.898727797,2.619116184,1.912352274,2.996440518,2.391754065,3.768228751,1.73427544,1.888507843,2.14458414
Ser,3.051498441,2.839922278,2.794932001,2.658180046,2.42486522,0,1.445447978,1.138113431,1.953410986,2.820948967,1.753027832,1.344368465,0.911658459,2.375892694,1.290829789,1.572927755,2.200894117,3.480898322,2.152953667,1.089204025
Pro,2.242171766,1.927673407,1.880350036,1.707208843,1.33636155,1.445447978,0,0.740458272,0.529552338,2.161159523,1.503854979,1.481202967,1.777025613,2.025107986,2.127071255,1.847844183,3.322170501,2.890747076,2.025089786,0.820602243
Thr,2.027703092,1.820570209,1.760004206,1.597449599,1.3698041,1.138113431,0.740458272,0,1.143523609,1.81860359,0.921761808,0.810382283,1.276778677,1.532645203,1.67708861,1.291395985,2.934804076,2.529734697,1.399261395,1.166325162
Ala,2.219655281,1.896425384,1.846648848,1.664810416,1.270307736,1.953410986,0.529552338,1.143523609,0,2.200050627,1.685384602,1.788982414,2.176150871,2.081381194,2.478458319,2.103526751,3.842624855,2.912566803,2.193488362,1.182381158
Tyr,0.425959181,0.703355107,0.651504132,0.694389025,1.077690035,2.820948967,2.161159523,1.81860359,2.200050627,0,1.642818708,1.947359607,2.803721156,1.671651064,3.15287085,2.420454398,3.817682934,0.731727232,1.520123694,2.896689207
His,1.971333198,1.945661765,1.859779796,1.702159201,1.653828945,1.753027832,1.503854979,0.921761808,1.685384602,1.642818708,0,0.474626701,1.347244815,0.638752592,1.601269814,0.804149645,3.426041528,2.258598524,0.568189414,1.922951081
Gln,2.278555132,2.216531096,2.140112736,1.988917495,1.898727797,1.344368465,1.481202967,0.810382283,1.788982414,1.947359607,0.474626701,0,0.901824633,1.049134924,1.208078938,0.57716319,3.039624198,2.566878695,0.844045968,1.71855603
Asn,3.116751444,3.002748699,2.935366379,2.782305797,2.619116184,0.911658459,1.777025613,1.276778677,2.176150871,2.803721156,1.347244815,0.901824633,0,1.850420436,0.453571193,0.805355134,2.735154876,3.425843735,1.677814391,1.564150468
Lys,2.01377643,2.096471752,2.003346233,1.862918478,1.912352274,2.375892694,2.025107986,1.532645203,2.081381194,1.671651064,0.638752592,1.049134924,1.850420436,0,1.999743338,1.120881493,3.972793156,2.157603289,0.512484551,2.493171065
Asp,3.479826819,3.385787655,3.313293135,3.154464514,2.996440518,1.290829789,2.127071255,1.67708861,2.478458319,3.15287085,1.601269814,1.208078938,0.453571193,1.999743338,0,0.879171339,3.027234444,3.756500418,1.888762822,1.848493412
Glu,2.764112479,2.727261013,2.644818959,2.485545758,2.391754065,1.572927755,1.847844183,1.291395985,2.103526751,2.420454398,0.804149645,0.57716319,0.805355134,1.120881493,0.879171339,0,3.339584727,3.001739027,1.064964429,1.929231715
Cys,4.02774693,3.89046414,3.88692961,3.853484218,3.768228751,2.200894117,3.322170501,2.934804076,3.842624855,3.817682934,3.426041528,3.039624198,2.735154876,3.972793156,3.027234444,3.339584727,0,4.224656269,3.538402047,3.118337006
Trp,0.781814737,1.202274073,1.193349185,1.31379601,1.73427544,3.480898322,2.890747076,2.529734697,2.912566803,0.731727232,2.258598524,2.566878695,3.425843735,2.157603289,3.756500418,3.001739027,4.224656269,0,1.996909952,3.623495314
Arg,1.91287634,2.008462807,1.923797098,1.806504104,1.888507843,2.152953667,2.025089786,1.399261395,2.193488362,1.520123694,0.568189414,0.844045968,1.677814391,0.512484551,1.888762822,1.064964429,3.538402047,1.996909952,0,2.467038789
Gly,3.018830425,2.714517011,2.669701569,2.502614385,2.14458414,1.089204025,0.820602243,1.166325162,1.182381158,2.896689207,1.922951081,1.71855603,1.564150468,2.493171065,1.848493412,1.929231715,3.118337006,3.623495314,2.467038789,0
