,Ala,Arg,Asp,Asn,Cys,Gln,Glu,Gly,His,Ile,Leu,Lys,Met,Phe,Pro,Ser,Thr,Trp,Tyr,Val
Ala,0,2.193488362,2.478458319,2.176150871,3.842624855,1.788982414,2.103526751,1.182381158,1.685384602,1.846648848,1.896425384,2.081381194,1.664810416,2.219655281,0.529552338,1.953410986,1.143523609,2.912566803,2.200050627,1.270307736
Arg,2.193488362,0,1.888762822,1.677814391,3.538402047,0.844045968,1.064964429,2.467038789,0.568189414,1.923797098,2.008462807,0.512484551,1.806504104,1.91287634,2.025089786,2.152953667,1.399261395,1.996909952,1.520123694,1.888507843
Asp,2.478458319,1.888762822,0,0.453571193,3.027234444,1.208078938,0.879171339,1.848493412,1.601269814,3.313293135,3.385787655,1.999743338,3.154464514,3.479826819,2.127071255,1.290829789,1.67708861,3.756500418,3.15287085,2.996440518
Asn,2.176150871,1.677814391,0.453571193,0,2.735154876,0.901824633,0.805355134,1.564150468,1.347244815,2.935366379,3.002748699,1.850420436,2.782305797,3.116751444,1.777025613,0.911658459,1.276778677,3.425843735,2.803721156,2.619116184
Cys,3.842624855,3.538402047,3.027234444,2.735154876,0,3.039624198,3.339584727,3.118337006,3.426041528,3.88692961,3.89046414,3.972793156,3.853484218,4.02774693,3.322170501,2.200894117,2.934804076,4.224656269,3.817682934,3.768228751
Gln,1.788982414,0.844045968,1.208078938,0.901824633,3.039624198,0,0.57716319,1.71855603,0.474626701,2.140112736,2.216531096,1.049134924,1.988917495,2.278555132,1.481202967,1.344368465,0.810382283,2.566878695,1.947359607,1.898727797
Glu,2.103526751,1.064964429,0.879171339,0.805355134,3.339584727,0.57716319,0,1.929231715,0.804149645,2.644818959,2.727261013,1.120881493,2.485545758,2.764112479,1.847844183,1.572927755,1.291395985,3.001739027,2.420454398,2.391754065
Gly,1.182381158,2.467038789,1.848493412,1.564150468,3.118337006,1.71855603,1.929231715,0,1.922951081,2.669701569,2.714517011,2.493171065,2.502614385,3.018830425,0.820602243,1.089204025,1.166325162,3.623495314,2.896689207,2.14458414
His,1.685384602,0.568189414,1.601269814,1.347244815,3.426041528,0.474626701,0.804149645,1.922951081,0,1.859779796,1.945661765,0.638752592,1.702159201,1.971333198,1.503854979,1.753027832,0.921761808,2.258598524,1.642818708,1.653828945
Ile,1.846648848,1.923797098,3.313293135,2.935366379,3.88692961,2.140112736,2.644818959,2.669701569,1.859779796,0,0.095724314,2.003346233,0.199546187,0.419496604,1.880350036,2.794932001,1.760004206,1.193349185,0.651504132,0.583771914
Leu,1.896425384,2.008462807,3.385787655,3.002748699,3.89046414,2.216531096,2.727261013,2.714517011,1.945661765,0.095724314,0,2.096471752,0.282002906,0.430279613,1.927673407,2.839922278,1.820570209,1.202274073,0.703355107,0.626669077
Lys,2.081381194,0.512484551,1.999743338,1.850420436,3.972793156,1.049134924,1.120881493,2.493171065,0.638752592,2.003346233,2.096471752,0,1.862918478,2.01377643,2.025107986,2.375892694,1.532645203,2.157603289,1.671651064,1.912352274
Met,1.664810416,1.806504104,3.154464514,2.782305797,3.853484218,1.988917495,2.485545758,2.502614385,1.702159201,0.199546187,0.282002906,1.862918478,0,0.562454084,1.707208843,2.658180046,1.597449599,1.31379601,0.694389025,0.424322883
Phe,2.219655281,1.91287634,3.479826819,3.116751444,4.02774693,2.278555132,2.764112479,3.018830425,1.971333198,0.419496604,0.430279613,2.01377643,0.562454084,0,2.242171766,3.051498441,2.027703092,0.781814737,0.425959181,0.984520373
Pro,0.529552338,2.025089786,2.127071255,1.777025613,3.322170501,1.481202967,1.847844183,0.820602243,1.503854979,1.880350036,1.927673407,2.025107986,1.707208843,2.242171766,0,1.445447978,0.740458272,2.890747076,2.161159523,1.33636155
Ser,1.953410986,2.152953667,1.290829789,0.911658459,2.200894117,1.344368465,1.572927755,1.089204025,1.753027832,2.794932001,2.839922278,2.375892694,2.658180046,3.051498441,1.445447978,0,1.138113431,3.480898322,2.820948967,2.42486522
Thr,1.143523609,1.399261395,1.67708861,1.276778677,2.934804076,0.810382283,1.291395985,1.166325162,0.921761808,1.760004206,1.820570209,1.532645203,1.597449599,2.027703092,0.740458272,1.138113431,0,2.529734697,1.81860359,1.3698041
Trp,2.912566803,1.996909952,3.756500418,3.425843735,4.224656269,2.566878695,3.001739027,3.623495314,2.258598524,1.193349185,1.202274073,2.157603289,1.31379601,0.781814737,2.890747076,3.480898322,2.529734697,0,0.731727232,1.73427544
Tyr,2.200050627,1.520123694,3.15287085,2.803721156,3.817682934,1.947359607,2.420454398,2.896689207,1.642818708,0.651504132,0.703355107,1.671651064,0.694389025,0.425959181,2.161159523,2.820948967,1.81860359,0.731727232,0,1.077690035
Val,1.270307736,1.888507843,2.996440518,2.619116184,3.768228751,1.898727797,2.391754065,2.14458414,1.653828945,0.583771914,0.626669077,1.912352274,0.424322883,0.984520373,1.33636155,2.42486522,1.3698041,1.73427544,1.077690035,0
